-- ============================================================
-- Mock Data Script
-- ============================================================

-- ProductDetail (20 products)
INSERT INTO ProductDetail (Code, Name, Price, CreatedAt) VALUES
('PRD001', 'Wireless Mouse',          299.00,  '2026-01-01 08:00:00'),
('PRD002', 'Mechanical Keyboard',     1290.00, '2026-01-02 08:00:00'),
('PRD003', 'USB-C Hub 7-in-1',        590.00,  '2026-01-03 08:00:00'),
('PRD004', '27" 4K Monitor',          8990.00, '2026-01-04 08:00:00'),
('PRD005', 'Laptop Stand Aluminium',  490.00,  '2026-01-05 08:00:00'),
('PRD006', 'Noise Cancelling Headphone', 3490.00, '2026-01-06 08:00:00'),
('PRD007', 'Webcam 1080p',            990.00,  '2026-01-07 08:00:00'),
('PRD008', 'External SSD 1TB',        2290.00, '2026-01-08 08:00:00'),
('PRD009', 'Desk LED Lamp',           450.00,  '2026-01-09 08:00:00'),
('PRD010', 'Ergonomic Chair',         5990.00, '2026-01-10 08:00:00'),
('PRD011', 'Mouse Pad XL',            199.00,  '2026-01-11 08:00:00'),
('PRD012', 'USB Bluetooth Adapter',   149.00,  '2026-01-12 08:00:00'),
('PRD013', 'HDMI Cable 2m',           129.00,  '2026-01-13 08:00:00'),
('PRD014', 'Cable Management Box',    350.00,  '2026-01-14 08:00:00'),
('PRD015', 'Screen Cleaning Kit',     89.00,   '2026-01-15 08:00:00'),
('PRD016', 'Smart Power Strip',       690.00,  '2026-01-16 08:00:00'),
('PRD017', 'Wrist Rest Keyboard',     249.00,  '2026-01-17 08:00:00'),
('PRD018', 'Portable Charger 20000mAh', 890.00,'2026-01-18 08:00:00'),
('PRD019', 'Desk Organizer',          320.00,  '2026-01-19 08:00:00'),
('PRD020', 'Mini Wireless Speaker',   1190.00, '2026-01-20 08:00:00');

-- ProductStock (1 row per product)
INSERT INTO ProductStock (ProductCode, Quantity, UpdatedAt) VALUES
('PRD001', 150, '2026-06-01 00:00:00'),
('PRD002', 80,  '2026-06-01 00:00:00'),
('PRD003', 200, '2026-06-01 00:00:00'),
('PRD004', 30,  '2026-06-01 00:00:00'),
('PRD005', 120, '2026-06-01 00:00:00'),
('PRD006', 50,  '2026-06-01 00:00:00'),
('PRD007', 90,  '2026-06-01 00:00:00'),
('PRD008', 60,  '2026-06-01 00:00:00'),
('PRD009', 180, '2026-06-01 00:00:00'),
('PRD010', 25,  '2026-06-01 00:00:00'),
('PRD011', 300, '2026-06-01 00:00:00'),
('PRD012', 250, '2026-06-01 00:00:00'),
('PRD013', 400, '2026-06-01 00:00:00'),
('PRD014', 100, '2026-06-01 00:00:00'),
('PRD015', 500, '2026-06-01 00:00:00'),
('PRD016', 75,  '2026-06-01 00:00:00'),
('PRD017', 160, '2026-06-01 00:00:00'),
('PRD018', 110, '2026-06-01 00:00:00'),
('PRD019', 140, '2026-06-01 00:00:00'),
('PRD020', 70,  '2026-06-01 00:00:00');

-- ProductCart (10 carts, UserId 1-5)
INSERT INTO ProductCart (UserId, Status, CreatedAt, UpdatedAt) VALUES
(1, 'Completed', '2026-06-01 09:00:00', '2026-06-01 09:30:00'),
(2, 'Completed', '2026-06-02 10:00:00', '2026-06-02 10:15:00'),
(3, 'Completed', '2026-06-03 11:00:00', '2026-06-03 12:00:00'),
(4, 'Completed', '2026-06-04 13:00:00', '2026-06-04 14:00:00'),
(5, 'Cancelled', '2026-06-05 08:00:00', '2026-06-05 08:30:00'),
(1, 'Completed', '2026-06-10 09:00:00', '2026-06-10 10:00:00'),
(2, 'Completed', '2026-06-15 11:00:00', '2026-06-15 12:00:00'),
(3, 'Completed', '2026-06-20 14:00:00', '2026-06-20 14:10:00'),
(4, 'Cancelled', '2026-06-22 09:00:00', '2026-06-22 09:05:00'),
(5, 'Completed', '2026-06-25 16:00:00', '2026-06-25 17:00:00');

-- ProductCartItem (cart 1-10, mix products)
INSERT INTO ProductCartItem (CartId, ProductCode, Quantity, UnitPrice) VALUES
(1,  'PRD001', 2, 299.00),
(1,  'PRD003', 1, 590.00),
(1,  'PRD011', 1, 199.00),
(2,  'PRD004', 1, 8990.00),
(2,  'PRD005', 1, 490.00),
(3,  'PRD002', 1, 1290.00),
(3,  'PRD006', 1, 3490.00),
(3,  'PRD013', 2, 129.00),
(4,  'PRD008', 2, 2290.00),
(4,  'PRD007', 1, 990.00),
(5,  'PRD010', 1, 5990.00),
(6,  'PRD001', 3, 299.00),
(6,  'PRD012', 2, 149.00),
(6,  'PRD015', 1, 89.00),
(7,  'PRD004', 1, 8990.00),
(7,  'PRD014', 1, 350.00),
(8,  'PRD016', 2, 690.00),
(8,  'PRD017', 1, 249.00),
(8,  'PRD018', 1, 890.00),
(9,  'PRD020', 1, 1190.00),
(10, 'PRD009', 2, 450.00),
(10, 'PRD019', 1, 320.00),
(10, 'PRD002', 1, 1290.00),
(10, 'PRD006', 1, 3490.00);

-- ProductOrder (10 orders)
INSERT INTO ProductOrder (UserId, OrderNo, TotalAmount, Status, CreatedAt) VALUES
(3,  'ORD-20260603-001', 4909.00,  'Completed', '2026-06-03 12:00:00'),
(4,  'ORD-20260604-001', 5570.00,  'Completed', '2026-06-04 14:00:00'),
(1,  'ORD-20260610-001', 1086.00,  'Completed', '2026-06-10 10:00:00'),
(2,  'ORD-20260615-001', 9340.00,  'Completed', '2026-06-15 12:00:00'),
(5,  'ORD-20260625-001', 6550.00,  'Completed', '2026-06-25 17:00:00'),
(1,  'ORD-20260626-001', 3490.00,  'Shipped',   '2026-06-26 09:00:00'),
(2,  'ORD-20260627-001', 1290.00,  'Processing','2026-06-27 10:00:00'),
(3,  'ORD-20260628-001', 8990.00,  'Processing','2026-06-28 11:00:00'),
(4,  'ORD-20260629-001', 2590.00,  'Pending',   '2026-06-29 14:00:00'),
(5,  'ORD-20260630-001', 990.00,   'Pending',   '2026-06-30 15:00:00');

-- ProductOrderItem
INSERT INTO ProductOrderItem (OrderId, ProductCode, Quantity, UnitPrice, TotalPrice) VALUES
-- Order 1 (ORD-20260603-001)
(1,  'PRD002', 1, 1290.00, 1290.00),
(1,  'PRD006', 1, 3490.00, 3490.00),
(1,  'PRD013', 1, 129.00,   129.00),
-- Order 2 (ORD-20260604-001)
(2,  'PRD008', 2, 2290.00, 4580.00),
(2,  'PRD007', 1, 990.00,   990.00),
-- Order 3 (ORD-20260610-001)
(3,  'PRD001', 2, 299.00,   598.00),
(3,  'PRD012', 2, 149.00,   298.00),
(3,  'PRD015', 1, 89.00,     89.00),
(3,  'PRD011', 1, 199.00,   199.00),
-- Order 4 (ORD-20260615-001)
(4,  'PRD004', 1, 8990.00, 8990.00),
(4,  'PRD014', 1, 350.00,   350.00),
-- Order 5 (ORD-20260625-001)
(5,  'PRD009', 2, 450.00,   900.00),
(5,  'PRD019', 1, 320.00,   320.00),
(5,  'PRD002', 1, 1290.00, 1290.00),
(5,  'PRD006', 1, 3490.00, 3490.00),
-- Order 6
(6,  'PRD006', 1, 3490.00, 3490.00),
-- Order 7
(7,  'PRD002', 1, 1290.00, 1290.00),
-- Order 8
(8,  'PRD004', 1, 8990.00, 8990.00),
-- Order 9
(9,  'PRD008', 1, 2290.00, 2290.00),
(9,  'PRD015', 2, 89.00,    178.00),
(9,  'PRD013', 1, 129.00,   129.00),
-- Order 10
(10, 'PRD007', 1, 990.00,   990.00);
